{
"lengthUnit": "mil",
"remark": [],
"components": {
	"fields": ["COMPONENT_NO", "COMPONENT_NAME", "LAYER", "X_COORDINATE", "Y_COORDINATE", "ANGLE"],
	"rows": [
		[1, "U1", "T", 135, 2340, 270],
		[2, "U2", "T", 135, 1160, 270],
		[3, "U3", "T", 135, 1750, 270],
		[4, "U4", "T", 465, 2340, 270],
		[5, "U5", "T", 465, 1750.374, 270],
		[6, "U6", "T", 465, 1160, 270],
		[7, "U7", "T", 135, 570, 270],
		[8, "U8", "T", 465, 570, 270],
		[9, "PAD1", "T", 135, 2536.85, 0],
		[10, "PAD1", "B", 135, 2536.85, 0],
		[11, "PAD2", "T", 135, 2340, 0],
		[12, "PAD2", "B", 135, 2340, 0],
		[13, "PAD3", "T", 135, 2143.15, 0],
		[14, "PAD3", "B", 135, 2143.15, 0],
		[15, "PAD4", "T", 135, 1356.85, 0],
		[16, "PAD4", "B", 135, 1356.85, 0],
		[17, "PAD5", "T", 135, 1160, 0],
		[18, "PAD5", "B", 135, 1160, 0],
		[19, "PAD6", "T", 135, 963.15, 0],
		[20, "PAD6", "B", 135, 963.15, 0],
		[21, "PAD7", "T", 135, 1946.85, 0],
		[22, "PAD7", "B", 135, 1946.85, 0],
		[23, "PAD8", "T", 135, 1750, 0],
		[24, "PAD8", "B", 135, 1750, 0],
		[25, "PAD9", "T", 135, 1553.15, 0],
		[26, "PAD9", "B", 135, 1553.15, 0],
		[27, "PAD10", "T", 465, 2536.85, 0],
		[28, "PAD10", "B", 465, 2536.85, 0],
		[29, "PAD11", "T", 465, 2340, 0],
		[30, "PAD11", "B", 465, 2340, 0],
		[31, "PAD12", "T", 465, 2143.15, 0],
		[32, "PAD12", "B", 465, 2143.15, 0],
		[33, "PAD13", "T", 465, 1947.224, 0],
		[34, "PAD13", "B", 465, 1947.224, 0],
		[35, "PAD14", "T", 465, 1750.374, 0],
		[36, "PAD14", "B", 465, 1750.374, 0],
		[37, "PAD15", "T", 465, 1553.524, 0],
		[38, "PAD15", "B", 465, 1553.524, 0],
		[39, "PAD16", "T", 465, 1356.85, 0],
		[40, "PAD16", "B", 465, 1356.85, 0],
		[41, "PAD17", "T", 465, 1160, 0],
		[42, "PAD17", "B", 465, 1160, 0],
		[43, "PAD18", "T", 465, 963.15, 0],
		[44, "PAD18", "B", 465, 963.15, 0],
		[45, "PAD19", "T", 135, 766.85, 0],
		[46, "PAD19", "B", 135, 766.85, 0],
		[47, "PAD20", "T", 135, 570, 0],
		[48, "PAD20", "B", 135, 570, 0],
		[49, "PAD21", "T", 135, 373.15, 0],
		[50, "PAD21", "B", 135, 373.15, 0],
		[51, "PAD22", "T", 465, 766.85, 0],
		[52, "PAD22", "B", 465, 766.85, 0],
		[53, "PAD23", "T", 465, 570, 0],
		[54, "PAD23", "B", 465, 570, 0],
		[55, "PAD24", "T", 465, 373.15, 0],
		[56, "PAD24", "B", 465, 373.15, 0]
	]
},
"pins": {
	"fields": ["PIN_NO", "PIN_NAME", "PIN_X", "PIN_Y", "LAYER", "PIN_TYPE", "NET_NAME", "NET_TYPE", "PAD_SHAPE", "PAD_SIZEX", "PAD_SIZEY", "HOLE_SIZE", "HOLE_LEN", "PAD_ANGLE"],
	"rows": [
		[1, "U1_1", 135, 2536.85, "T", "DIP", "VCC", "", "C", 86.614, 86.614, 55.118, 55.118, 270],
		[2, "U1_1", 135, 2536.85, "B", "DIP", "VCC", "", "C", 86.614, 86.614, 55.118, 55.118, 270],
		[3, "U1_2", 135, 2340, "T", "DIP", "VCC", "", "C", 86.614, 86.614, 55.118, 55.118, 270],
		[4, "U1_2", 135, 2340, "B", "DIP", "VCC", "", "C", 86.614, 86.614, 55.118, 55.118, 270],
		[5, "U1_3", 135, 2143.15, "T", "DIP", "VCC", "", "C", 86.614, 86.614, 55.118, 55.118, 270],
		[6, "U1_3", 135, 2143.15, "B", "DIP", "VCC", "", "C", 86.614, 86.614, 55.118, 55.118, 270],
		[7, "U2_1", 135, 1356.85, "T", "DIP", "VCC", "", "C", 86.614, 86.614, 55.118, 55.118, 270],
		[8, "U2_1", 135, 1356.85, "B", "DIP", "VCC", "", "C", 86.614, 86.614, 55.118, 55.118, 270],
		[9, "U2_2", 135, 1160, "T", "DIP", "VCC", "", "C", 86.614, 86.614, 55.118, 55.118, 270],
		[10, "U2_2", 135, 1160, "B", "DIP", "VCC", "", "C", 86.614, 86.614, 55.118, 55.118, 270],
		[11, "U2_3", 135, 963.15, "T", "DIP", "VCC", "", "C", 86.614, 86.614, 55.118, 55.118, 270],
		[12, "U2_3", 135, 963.15, "B", "DIP", "VCC", "", "C", 86.614, 86.614, 55.118, 55.118, 270],
		[13, "U3_1", 135, 1946.85, "T", "DIP", "VCC", "", "C", 86.614, 86.614, 55.118, 55.118, 270],
		[14, "U3_1", 135, 1946.85, "B", "DIP", "VCC", "", "C", 86.614, 86.614, 55.118, 55.118, 270],
		[15, "U3_2", 135, 1750, "T", "DIP", "VCC", "", "C", 86.614, 86.614, 55.118, 55.118, 270],
		[16, "U3_2", 135, 1750, "B", "DIP", "VCC", "", "C", 86.614, 86.614, 55.118, 55.118, 270],
		[17, "U3_3", 135, 1553.15, "T", "DIP", "VCC", "", "C", 86.614, 86.614, 55.118, 55.118, 270],
		[18, "U3_3", 135, 1553.15, "B", "DIP", "VCC", "", "C", 86.614, 86.614, 55.118, 55.118, 270],
		[19, "U4_1", 465, 2536.85, "T", "DIP", "GND", "GND", "C", 86.614, 86.614, 55.118, 55.118, 270],
		[20, "U4_1", 465, 2536.85, "B", "DIP", "GND", "GND", "C", 86.614, 86.614, 55.118, 55.118, 270],
		[21, "U4_2", 465, 2340, "T", "DIP", "GND", "GND", "C", 86.614, 86.614, 55.118, 55.118, 270],
		[22, "U4_2", 465, 2340, "B", "DIP", "GND", "GND", "C", 86.614, 86.614, 55.118, 55.118, 270],
		[23, "U4_3", 465, 2143.15, "T", "DIP", "GND", "GND", "C", 86.614, 86.614, 55.118, 55.118, 270],
		[24, "U4_3", 465, 2143.15, "B", "DIP", "GND", "GND", "C", 86.614, 86.614, 55.118, 55.118, 270],
		[25, "U5_1", 465, 1947.224, "T", "DIP", "GND", "GND", "C", 86.614, 86.614, 55.118, 55.118, 270],
		[26, "U5_1", 465, 1947.224, "B", "DIP", "GND", "GND", "C", 86.614, 86.614, 55.118, 55.118, 270],
		[27, "U5_2", 465, 1750.374, "T", "DIP", "GND", "GND", "C", 86.614, 86.614, 55.118, 55.118, 270],
		[28, "U5_2", 465, 1750.374, "B", "DIP", "GND", "GND", "C", 86.614, 86.614, 55.118, 55.118, 270],
		[29, "U5_3", 465, 1553.524, "T", "DIP", "GND", "GND", "C", 86.614, 86.614, 55.118, 55.118, 270],
		[30, "U5_3", 465, 1553.524, "B", "DIP", "GND", "GND", "C", 86.614, 86.614, 55.118, 55.118, 270],
		[31, "U6_1", 465, 1356.85, "T", "DIP", "GND", "GND", "C", 86.614, 86.614, 55.118, 55.118, 270],
		[32, "U6_1", 465, 1356.85, "B", "DIP", "GND", "GND", "C", 86.614, 86.614, 55.118, 55.118, 270],
		[33, "U6_2", 465, 1160, "T", "DIP", "GND", "GND", "C", 86.614, 86.614, 55.118, 55.118, 270],
		[34, "U6_2", 465, 1160, "B", "DIP", "GND", "GND", "C", 86.614, 86.614, 55.118, 55.118, 270],
		[35, "U6_3", 465, 963.15, "T", "DIP", "GND", "GND", "C", 86.614, 86.614, 55.118, 55.118, 270],
		[36, "U6_3", 465, 963.15, "B", "DIP", "GND", "GND", "C", 86.614, 86.614, 55.118, 55.118, 270],
		[37, "U7_1", 135, 766.85, "T", "DIP", "VCC", "", "C", 86.614, 86.614, 55.118, 55.118, 270],
		[38, "U7_1", 135, 766.85, "B", "DIP", "VCC", "", "C", 86.614, 86.614, 55.118, 55.118, 270],
		[39, "U7_2", 135, 570, "T", "DIP", "VCC", "", "C", 86.614, 86.614, 55.118, 55.118, 270],
		[40, "U7_2", 135, 570, "B", "DIP", "VCC", "", "C", 86.614, 86.614, 55.118, 55.118, 270],
		[41, "U7_3", 135, 373.15, "T", "DIP", "VCC", "", "C", 86.614, 86.614, 55.118, 55.118, 270],
		[42, "U7_3", 135, 373.15, "B", "DIP", "VCC", "", "C", 86.614, 86.614, 55.118, 55.118, 270],
		[43, "U8_1", 465, 766.85, "T", "DIP", "GND", "GND", "C", 86.614, 86.614, 55.118, 55.118, 270],
		[44, "U8_1", 465, 766.85, "B", "DIP", "GND", "GND", "C", 86.614, 86.614, 55.118, 55.118, 270],
		[45, "U8_2", 465, 570, "T", "DIP", "GND", "GND", "C", 86.614, 86.614, 55.118, 55.118, 270],
		[46, "U8_2", 465, 570, "B", "DIP", "GND", "GND", "C", 86.614, 86.614, 55.118, 55.118, 270],
		[47, "U8_3", 465, 373.15, "T", "DIP", "GND", "GND", "C", 86.614, 86.614, 55.118, 55.118, 270],
		[48, "U8_3", 465, 373.15, "B", "DIP", "GND", "GND", "C", 86.614, 86.614, 55.118, 55.118, 270],
		[49, "PAD1_1", 135, 2536.85, "T", "DIP", "VCC", "", "C", 86.614, 86.614, 55.118, 55.118, 270],
		[50, "PAD1_1", 135, 2536.85, "B", "DIP", "VCC", "", "C", 86.614, 86.614, 55.118, 55.118, 270],
		[51, "PAD2_2", 135, 2340, "T", "DIP", "VCC", "", "C", 86.614, 86.614, 55.118, 55.118, 270],
		[52, "PAD2_2", 135, 2340, "B", "DIP", "VCC", "", "C", 86.614, 86.614, 55.118, 55.118, 270],
		[53, "PAD3_3", 135, 2143.15, "T", "DIP", "VCC", "", "C", 86.614, 86.614, 55.118, 55.118, 270],
		[54, "PAD3_3", 135, 2143.15, "B", "DIP", "VCC", "", "C", 86.614, 86.614, 55.118, 55.118, 270],
		[55, "PAD4_1", 135, 1356.85, "T", "DIP", "VCC", "", "C", 86.614, 86.614, 55.118, 55.118, 270],
		[56, "PAD4_1", 135, 1356.85, "B", "DIP", "VCC", "", "C", 86.614, 86.614, 55.118, 55.118, 270],
		[57, "PAD5_2", 135, 1160, "T", "DIP", "VCC", "", "C", 86.614, 86.614, 55.118, 55.118, 270],
		[58, "PAD5_2", 135, 1160, "B", "DIP", "VCC", "", "C", 86.614, 86.614, 55.118, 55.118, 270],
		[59, "PAD6_3", 135, 963.15, "T", "DIP", "VCC", "", "C", 86.614, 86.614, 55.118, 55.118, 270],
		[60, "PAD6_3", 135, 963.15, "B", "DIP", "VCC", "", "C", 86.614, 86.614, 55.118, 55.118, 270],
		[61, "PAD7_1", 135, 1946.85, "T", "DIP", "VCC", "", "C", 86.614, 86.614, 55.118, 55.118, 270],
		[62, "PAD7_1", 135, 1946.85, "B", "DIP", "VCC", "", "C", 86.614, 86.614, 55.118, 55.118, 270],
		[63, "PAD8_2", 135, 1750, "T", "DIP", "VCC", "", "C", 86.614, 86.614, 55.118, 55.118, 270],
		[64, "PAD8_2", 135, 1750, "B", "DIP", "VCC", "", "C", 86.614, 86.614, 55.118, 55.118, 270],
		[65, "PAD9_3", 135, 1553.15, "T", "DIP", "VCC", "", "C", 86.614, 86.614, 55.118, 55.118, 270],
		[66, "PAD9_3", 135, 1553.15, "B", "DIP", "VCC", "", "C", 86.614, 86.614, 55.118, 55.118, 270],
		[67, "PAD10_1", 465, 2536.85, "T", "DIP", "GND", "GND", "C", 86.614, 86.614, 55.118, 55.118, 270],
		[68, "PAD10_1", 465, 2536.85, "B", "DIP", "GND", "GND", "C", 86.614, 86.614, 55.118, 55.118, 270],
		[69, "PAD11_2", 465, 2340, "T", "DIP", "GND", "GND", "C", 86.614, 86.614, 55.118, 55.118, 270],
		[70, "PAD11_2", 465, 2340, "B", "DIP", "GND", "GND", "C", 86.614, 86.614, 55.118, 55.118, 270],
		[71, "PAD12_3", 465, 2143.15, "T", "DIP", "GND", "GND", "C", 86.614, 86.614, 55.118, 55.118, 270],
		[72, "PAD12_3", 465, 2143.15, "B", "DIP", "GND", "GND", "C", 86.614, 86.614, 55.118, 55.118, 270],
		[73, "PAD13_1", 465, 1947.224, "T", "DIP", "GND", "GND", "C", 86.614, 86.614, 55.118, 55.118, 270],
		[74, "PAD13_1", 465, 1947.224, "B", "DIP", "GND", "GND", "C", 86.614, 86.614, 55.118, 55.118, 270],
		[75, "PAD14_2", 465, 1750.374, "T", "DIP", "GND", "GND", "C", 86.614, 86.614, 55.118, 55.118, 270],
		[76, "PAD14_2", 465, 1750.374, "B", "DIP", "GND", "GND", "C", 86.614, 86.614, 55.118, 55.118, 270],
		[77, "PAD15_3", 465, 1553.524, "T", "DIP", "GND", "GND", "C", 86.614, 86.614, 55.118, 55.118, 270],
		[78, "PAD15_3", 465, 1553.524, "B", "DIP", "GND", "GND", "C", 86.614, 86.614, 55.118, 55.118, 270],
		[79, "PAD16_1", 465, 1356.85, "T", "DIP", "GND", "GND", "C", 86.614, 86.614, 55.118, 55.118, 270],
		[80, "PAD16_1", 465, 1356.85, "B", "DIP", "GND", "GND", "C", 86.614, 86.614, 55.118, 55.118, 270],
		[81, "PAD17_2", 465, 1160, "T", "DIP", "GND", "GND", "C", 86.614, 86.614, 55.118, 55.118, 270],
		[82, "PAD17_2", 465, 1160, "B", "DIP", "GND", "GND", "C", 86.614, 86.614, 55.118, 55.118, 270],
		[83, "PAD18_3", 465, 963.15, "T", "DIP", "GND", "GND", "C", 86.614, 86.614, 55.118, 55.118, 270],
		[84, "PAD18_3", 465, 963.15, "B", "DIP", "GND", "GND", "C", 86.614, 86.614, 55.118, 55.118, 270],
		[85, "PAD19_1", 135, 766.85, "T", "DIP", "VCC", "", "C", 86.614, 86.614, 55.118, 55.118, 270],
		[86, "PAD19_1", 135, 766.85, "B", "DIP", "VCC", "", "C", 86.614, 86.614, 55.118, 55.118, 270],
		[87, "PAD20_2", 135, 570, "T", "DIP", "VCC", "", "C", 86.614, 86.614, 55.118, 55.118, 270],
		[88, "PAD20_2", 135, 570, "B", "DIP", "VCC", "", "C", 86.614, 86.614, 55.118, 55.118, 270],
		[89, "PAD21_3", 135, 373.15, "T", "DIP", "VCC", "", "C", 86.614, 86.614, 55.118, 55.118, 270],
		[90, "PAD21_3", 135, 373.15, "B", "DIP", "VCC", "", "C", 86.614, 86.614, 55.118, 55.118, 270],
		[91, "PAD22_1", 465, 766.85, "T", "DIP", "GND", "GND", "C", 86.614, 86.614, 55.118, 55.118, 270],
		[92, "PAD22_1", 465, 766.85, "B", "DIP", "GND", "GND", "C", 86.614, 86.614, 55.118, 55.118, 270],
		[93, "PAD23_2", 465, 570, "T", "DIP", "GND", "GND", "C", 86.614, 86.614, 55.118, 55.118, 270],
		[94, "PAD23_2", 465, 570, "B", "DIP", "GND", "GND", "C", 86.614, 86.614, 55.118, 55.118, 270],
		[95, "PAD24_3", 465, 373.15, "T", "DIP", "GND", "GND", "C", 86.614, 86.614, 55.118, 55.118, 270],
		[96, "PAD24_3", 465, 373.15, "B", "DIP", "GND", "GND", "C", 86.614, 86.614, 55.118, 55.118, 270]
	]
}
}