{
"lengthUnit": "mil",
"components": {
	"fields": ["COMPONENT_NO", "COMPONENT_NAME", "LAYER", "X_COORDINATE", "Y_COORDINATE", "ANGLE"],
	"rows": [
		[1, "U1", "T", 140, 2340, 270],
		[2, "U2", "T", 140, 1160, 270],
		[3, "U3", "T", 140, 1750, 270],
		[4, "U4", "T", 460, 2340, 270],
		[5, "U5", "T", 460, 1750.37, 270],
		[6, "U6", "T", 460, 1160, 270],
		[7, "U7", "T", 140, 570, 270],
		[8, "U8", "T", 460, 570, 270]
	]
},
"pins": {
	"fields": ["PIN_NO", "PIN_NAME", "PIN_X", "PIN_Y", "LAYER", "PIN_TYPE", "NET_NAME", "NET_TYPE", "PAD_SHAPE", "PAD_SIZEX", "PAD_SIZEY", "HOLE_SIZE", "PAD_ANGLE"],
	"rows": [
		[1, "U1_1", 140, 2536.85, "T", "DIP", "VCC", "", "C", 86.61, 86.61, 55.12, 270],
		[2, "U1_1", 140, 2536.85, "B", "DIP", "VCC", "", "C", 86.61, 86.61, 55.12, 270],
		[3, "U1_2", 140, 2340, "T", "DIP", "VCC", "", "C", 86.61, 86.61, 55.12, 270],
		[4, "U1_2", 140, 2340, "B", "DIP", "VCC", "", "C", 86.61, 86.61, 55.12, 270],
		[5, "U1_3", 140, 2143.15, "T", "DIP", "VCC", "", "C", 86.61, 86.61, 55.12, 270],
		[6, "U1_3", 140, 2143.15, "B", "DIP", "VCC", "", "C", 86.61, 86.61, 55.12, 270],
		[7, "U2_1", 140, 1356.85, "T", "DIP", "VCC", "", "C", 86.61, 86.61, 55.12, 270],
		[8, "U2_1", 140, 1356.85, "B", "DIP", "VCC", "", "C", 86.61, 86.61, 55.12, 270],
		[9, "U2_2", 140, 1160, "T", "DIP", "VCC", "", "C", 86.61, 86.61, 55.12, 270],
		[10, "U2_2", 140, 1160, "B", "DIP", "VCC", "", "C", 86.61, 86.61, 55.12, 270],
		[11, "U2_3", 140, 963.15, "T", "DIP", "VCC", "", "C", 86.61, 86.61, 55.12, 270],
		[12, "U2_3", 140, 963.15, "B", "DIP", "VCC", "", "C", 86.61, 86.61, 55.12, 270],
		[13, "U3_1", 140, 1946.85, "T", "DIP", "VCC", "", "C", 86.61, 86.61, 55.12, 270],
		[14, "U3_1", 140, 1946.85, "B", "DIP", "VCC", "", "C", 86.61, 86.61, 55.12, 270],
		[15, "U3_2", 140, 1750, "T", "DIP", "VCC", "", "C", 86.61, 86.61, 55.12, 270],
		[16, "U3_2", 140, 1750, "B", "DIP", "VCC", "", "C", 86.61, 86.61, 55.12, 270],
		[17, "U3_3", 140, 1553.15, "T", "DIP", "VCC", "", "C", 86.61, 86.61, 55.12, 270],
		[18, "U3_3", 140, 1553.15, "B", "DIP", "VCC", "", "C", 86.61, 86.61, 55.12, 270],
		[19, "U4_1", 460, 2536.85, "T", "DIP", "GND", "GND", "C", 86.61, 86.61, 55.12, 270],
		[20, "U4_1", 460, 2536.85, "B", "DIP", "GND", "GND", "C", 86.61, 86.61, 55.12, 270],
		[21, "U4_2", 460, 2340, "T", "DIP", "GND", "GND", "C", 86.61, 86.61, 55.12, 270],
		[22, "U4_2", 460, 2340, "B", "DIP", "GND", "GND", "C", 86.61, 86.61, 55.12, 270],
		[23, "U4_3", 460, 2143.15, "T", "DIP", "GND", "GND", "C", 86.61, 86.61, 55.12, 270],
		[24, "U4_3", 460, 2143.15, "B", "DIP", "GND", "GND", "C", 86.61, 86.61, 55.12, 270],
		[25, "U5_1", 460, 1947.22, "T", "DIP", "GND", "GND", "C", 86.61, 86.61, 55.12, 270],
		[26, "U5_1", 460, 1947.22, "B", "DIP", "GND", "GND", "C", 86.61, 86.61, 55.12, 270],
		[27, "U5_2", 460, 1750.37, "T", "DIP", "GND", "GND", "C", 86.61, 86.61, 55.12, 270],
		[28, "U5_2", 460, 1750.37, "B", "DIP", "GND", "GND", "C", 86.61, 86.61, 55.12, 270],
		[29, "U5_3", 460, 1553.52, "T", "DIP", "GND", "GND", "C", 86.61, 86.61, 55.12, 270],
		[30, "U5_3", 460, 1553.52, "B", "DIP", "GND", "GND", "C", 86.61, 86.61, 55.12, 270],
		[31, "U6_1", 460, 1356.85, "T", "DIP", "GND", "GND", "C", 86.61, 86.61, 55.12, 270],
		[32, "U6_1", 460, 1356.85, "B", "DIP", "GND", "GND", "C", 86.61, 86.61, 55.12, 270],
		[33, "U6_2", 460, 1160, "T", "DIP", "GND", "GND", "C", 86.61, 86.61, 55.12, 270],
		[34, "U6_2", 460, 1160, "B", "DIP", "GND", "GND", "C", 86.61, 86.61, 55.12, 270],
		[35, "U6_3", 460, 963.15, "T", "DIP", "GND", "GND", "C", 86.61, 86.61, 55.12, 270],
		[36, "U6_3", 460, 963.15, "B", "DIP", "GND", "GND", "C", 86.61, 86.61, 55.12, 270],
		[37, "U7_1", 140, 766.85, "T", "DIP", "VCC", "", "C", 86.61, 86.61, 55.12, 270],
		[38, "U7_1", 140, 766.85, "B", "DIP", "VCC", "", "C", 86.61, 86.61, 55.12, 270],
		[39, "U7_2", 140, 570, "T", "DIP", "VCC", "", "C", 86.61, 86.61, 55.12, 270],
		[40, "U7_2", 140, 570, "B", "DIP", "VCC", "", "C", 86.61, 86.61, 55.12, 270],
		[41, "U7_3", 140, 373.15, "T", "DIP", "VCC", "", "C", 86.61, 86.61, 55.12, 270],
		[42, "U7_3", 140, 373.15, "B", "DIP", "VCC", "", "C", 86.61, 86.61, 55.12, 270],
		[43, "U8_1", 460, 766.85, "T", "DIP", "GND", "GND", "C", 86.61, 86.61, 55.12, 270],
		[44, "U8_1", 460, 766.85, "B", "DIP", "GND", "GND", "C", 86.61, 86.61, 55.12, 270],
		[45, "U8_2", 460, 570, "T", "DIP", "GND", "GND", "C", 86.61, 86.61, 55.12, 270],
		[46, "U8_2", 460, 570, "B", "DIP", "GND", "GND", "C", 86.61, 86.61, 55.12, 270],
		[47, "U8_3", 460, 373.15, "T", "DIP", "GND", "GND", "C", 86.61, 86.61, 55.12, 270],
		[48, "U8_3", 460, 373.15, "B", "DIP", "GND", "GND", "C", 86.61, 86.61, 55.12, 270]
	]
}
}